port_from,port_to,voyage_start,voyage_end,voyage_duration_hours,distance_nm,avg_sog_kn,max_sog_kn,fuel_total_tonnes,fuel_tonnes_per_nm,fuel_by_signal_Total_Fuel_Consumption_LNG_eq__tonnes,fuel_by_signal_Total_LNG_Consumption_tonnes,fuel_by_signal_Total_MGO_Consumption_tonnes,fuel_by_signal_Total_Auxiliary_Boiler_Fuel_Consumption_tonnes,energy_mwh_total,energy_mwh_prod,energy_mwh_net,peak_kw,peak_time,whr_total_prod_mwh,whr_total_cons_mwh,whr_util_rate_percent,whr_loss_Total_WHR_Losses_HT_Dump_mwh,whr_loss_Total_WHR_Losses_Steam_Dump_mwh,whr_consumer_WHR_Absorption_Chiller_mwh,whr_consumer_WHR_Condensate_Heater_mwh,whr_consumer_WHR_Evaporators_mwh,whr_consumer_WHR_Laundry_mwh,whr_consumer_WHR_Potable_Water_Heating_mwh,whr_consumer_WHR_AC_Reheating_mwh,whr_consumer_WHR_Other_Uses_mwh,relative_wind_speed_kn,relative_wind_direction_deg,true_north_wind_speed_kn,target_fuel_tonnes,target_lng_tonnes,target_electricity_mwh,target_whr_mwh,Avg_ME_1_Load_avg_load_percent,Avg_ME_2_Load_avg_load_percent,Avg_ME_3_Load_avg_load_percent,Avg_ME_4_Load_avg_load_percent,Avg_ME_5_Load_avg_load_percent,Avg_ME_6_Load_avg_load_percent
"CocoCay, Bahamas","Miami, Florida",2025-05-02T21:35:00+00:00,2025-05-03T08:25:00+00:00,10.83333333,135.316,12.49068698,19.636667,553.4597483,,553.4597483,384.99312,0,0.64726,124.0735528,253.3280694,-129.2545167,1024.189999,2025-05-02T22:20:00+00:00,,43.26885213,48.13441901,38.91357881,22.41348949,0,4.398881178,0,1.778815537,16.54705728,22.14513609,1.943870313,8.420559763,150.7633588,16.01676848,523.8742922,443.95994,119.5294955,48.4478401,67.50361324,0,0,2.809796435,67.56814248,18.73106872
"CocoCay, Bahamas","Miami, Florida",2025-05-16T21:15:00+00:00,2025-05-17T08:15:00+00:00,11,134.316,12.21050127,17.18,559.0616608,,559.0616608,250.5857667,0,0.563083334,130.2215333,267.9446722,-137.7231389,972.14,2025-05-17T04:50:00+00:00,,59.38829859,45.8728128,51.62820911,39.26756811,33.58087915,-0.230435452,0,1.724051567,19.3815367,19.29003796,0.04780032,12.09689225,203.8410526,7.598922293,540.7334689,383.5474829,128.1124032,55.81631344,3.023057647,0,73.34010025,72.85716794,0,18.08646616
"CocoCay, Bahamas","Miami, Florida",2025-05-23T22:05:00+00:00,2025-05-24T08:15:00+00:00,10.16666667,134.619,13.24119241,19.833333,558.5659364,,558.5659364,540.86223,0,1.214696667,126.8738833,266.7047528,-139.8308694,1005.696666,2025-05-23T22:30:00+00:00,,80.09975134,49.79921844,36.85033044,27.24779461,29.23916671,-0.507129337,35.77502448,1.401433594,23.19948724,17.25980612,0,11.97523037,241.6430894,8.688238463,535.5330463,338.4550322,122.941114,47.4227562,2.602466114,71.75140921,0,72.9467751,0,34.11685635
"CocoCay, Bahamas","Miami, Florida",2025-05-30T21:30:00+00:00,2025-05-31T08:15:00+00:00,10.75,134.627,12.52341025,19,581.068327,,581.068327,555.1096667,0,0.549526666,127.4993056,282.4741278,-154.9748222,981.969999,2025-05-30T23:55:00+00:00,,83.03639808,45.08223135,43.12314044,32.53550508,30.87118374,-0.473289865,31.69979668,1.540858237,14.54700957,18.30248312,0.327667702,20.69494872,234.9043846,13.68374361,566.0860409,374.8723891,129.5405923,0.706194205,0,73.9533846,2.912846154,0,75.067,29.46720512
"CocoCay, Bahamas","Miami, Florida",2025-06-06T21:25:00+00:00,2025-06-07T08:15:00+00:00,10.83333333,134.808,12.44384223,15.343333,614.0629945,,614.0629945,589.1222933,0,0.699973334,127.5450444,257.3362972,-129.7912528,956.686668,2025-06-06T23:10:00+00:00,,78.49715424,53.84322863,32.03513144,26.98849104,31.36839011,-0.514486274,43.64550392,1.700131864,23.55564363,19.05678444,0,11.61127227,242.4383206,10.0046056,519.6255216,360.582927,126.6461294,30.52176377,74.45236638,6.062417313,0,0,7.466793878,74.11267174
"CocoCay, Bahamas","Miami, Florida",2025-06-13T21:25:00+00:00,2025-06-14T08:15:00+00:00,10.83333333,134.831,12.44592876,16.24,524.5525165,,524.5525165,496.3554467,0,1.22293,133.2647583,255.9889806,-122.7242222,939.186667,2025-06-13T21:45:00+00:00,,50.76313105,35.54105081,49.23602067,32.9880686,30.77695508,-0.613178237,0,1.589592125,17.08809149,18.74313017,0,8.709109405,210.1977099,15.61302801,517.1075004,362.9209495,129.5759789,-134.6431273,74.79150124,0.017913489,5.416844779,74.82147586,0,6.197150137
"CocoCay, Bahamas","Miami, Florida",2025-06-20T21:25:00+00:00,2025-06-21T08:10:00+00:00,10.75,134.384,12.50087182,16.833333,490.790053,,490.790053,471.5808833,0,1.931149999,128.6498639,247.1248083,-118.4749444,931.903331,2025-06-21T02:00:00+00:00,,58.5810441,56.68337236,27.2105641,25.158985,27.49167842,4.138445741,0,1.362162266,22.03573135,18.28058379,0,7.617794862,188.7611538,13.18661537,483.0525938,370.381402,128.7972968,-88.94478925,0,4.887128215,70.63433335,71.4094615,5.884692331,0
"CocoCay, Bahamas","Miami, Florida",2025-06-27T21:25:00+00:00,2025-06-28T08:20:00+00:00,10.91666667,133.861,12.26210525,15.626667,518.5707078,,518.5707078,361.7365467,0,1.189979999,134.329275,259.0111111,-124.6818361,921.266666,2025-06-27T21:55:00+00:00,,62.66105292,57.98151741,29.9857151,20.37772943,27.85161963,4.669493759,0,1.675280823,18.05465337,18.91461083,0.252925996,9.288546346,257.895188,14.27937344,505.8450201,333.1832251,135.0014199,-27.80887549,70.92230578,5.923634083,0,70.57175438,8.366716805,0
"CocoCay, Bahamas","Miami, Florida",2025-07-04T21:25:00+00:00,2025-07-05T08:10:00+00:00,10.75,134.998,12.55792306,16.7,545.2907642,,545.2907642,524.25614,0,3.281739998,129.0459778,279.4110278,-150.36505,970.540001,2025-07-05T04:40:00+00:00,,63.55420344,61.45652541,27.79088512,22.9097843,26.39767326,3.898952463,0,1.705788852,19.87155568,18.49747138,0.732077919,22.71000002,212.56,13.92679485,536.9877048,345.3086367,130.1541412,11.46967652,6.114487169,0,73.68487181,74.48241028,17.37923075,0
"CocoCay, Bahamas","Miami, Florida",2025-07-11T21:25:00+00:00,2025-07-12T08:25:00+00:00,11,134.706,12.24601503,15.793333,531.9695649,,531.9695649,509.9810833,0,0.766086666,139.6293917,263.7548333,-124.1254417,983.993333,2025-07-11T21:30:00+00:00,,78.71069726,50.94628423,36.47369096,29.030843,29.66035688,-0.892833026,38.94474257,1.523323084,18.63331397,18.4948731,0,11.51258144,221.1270677,13.12230577,529.7501028,345.4393751,134.2202098,-19.84149455,74.93731829,5.93759397,0,75.21884716,7.593884707,0
"CocoCay, Bahamas","Miami, Florida",2025-07-18T21:20:00+00:00,2025-07-19T08:15:00+00:00,10.91666667,135.214,12.3860606,15.926667,511.4301841,,511.4301841,489.2436433,0,0.811739999,137.9650111,257.6052111,-119.6402,942.846666,2025-07-19T02:10:00+00:00,,59.02806856,55.49555264,29.36896432,23.91207833,27.35449185,3.618881819,0,1.673360324,23.08930794,18.30582451,0,8.745580856,163.3007576,12.73941918,503.0972567,338.544732,135.0058008,-1.934965064,71.72858586,6.089444462,0,0,71.73252525,6.736262629
"CocoCay, Bahamas","Miami, Florida",2025-07-25T21:50:00+00:00,2025-07-26T08:25:00+00:00,10.58333333,132.739,12.54223958,16.736667,505.1872389,,505.1872389,483.7576633,0,1.093586666,132.3075278,257.3707306,-125.0632028,924.1,2025-07-26T03:05:00+00:00,,57.58597786,57.34263201,28.7558998,22.42744508,24.03350393,3.834593998,0,1.381306364,17.44118798,17.66999628,0.849377621,8.17734375,199.3382813,11.64393227,500.0042606,354.16025,129.2190404,-20.79535415,72.69242188,0.036927086,7.341875,0.187369789,72.88661459,6.993359391
"CocoCay, Bahamas","Miami, Florida",2025-08-01T21:25:00+00:00,2025-08-02T05:00:00+00:00,7.583333333,131.382,17.32514496,24.98,740.1735232,,740.1735232,718.90097,1.153804664,0.5598,104.7530556,381.5433056,-276.79025,1457.543332,2025-08-01T23:05:00+00:00,,58.54320117,43.06656502,76.21682433,35.17246982,17.97112053,3.118080781,23.46404196,1.204143312,14.25513884,13.46924678,0.030910878,15.82163041,220.7641304,8.73427537,719.9151952,541.0947823,101.5164729,105.8433685,66.26112314,56.66221014,68.71800722,67.82557966,0,68.61942033
"CocoCay, Bahamas","Miami, Florida",2025-08-08T23:15:00+00:00,2025-08-09T08:10:00+00:00,8.916666667,133.929,15.02009258,19.983333,572.018376,,572.018376,553.0512167,0.954427998,0.546583333,108.1217528,293.9445417,-185.8227889,1023.83,2025-08-09T04:10:00+00:00,,49.56262739,45.11987607,41.42472044,25.41326033,21.14745019,3.469404092,0,1.319289913,13.15747573,15.45890321,2.42415624,9.136975278,260.15,14.40679012,552.6223157,328.2997778,110.1324124,102.1955559,6.909012333,70.67546295,0,0,72.11950619,70.7080864
"CocoCay, Bahamas","Miami, Florida",2025-08-15T21:25:00+00:00,2025-08-16T08:10:00+00:00,10.75,132.868,12.35979489,16.346667,490.0690118,,490.0690118,347.1942733,1.076060666,1.089163332,137.6879806,245.9008111,-108.2128306,911.143332,2025-08-15T22:55:00+00:00,,54.82209314,57.10611558,31.09306532,22.64621988,23.66800351,4.280081898,0,1.470680235,20.92411392,18.39657469,0.008640322,9.363153854,195.6684615,9.480666669,476.648909,355.076425,134.1231884,20.77294647,70.96723081,6.227794885,0,71.12394875,2.489974346,0
"CocoCay, Bahamas","Miami, Florida",2025-08-22T21:30:00+00:00,2025-08-23T08:25:00+00:00,10.91666667,135.264,12.39055552,17.353333,549.8677109,,549.8677109,528.6483233,2.076384,0.610200001,136.0416667,278.0724917,-142.030825,953.536666,2025-08-22T23:15:00+00:00,,57.8432586,55.50592738,32.82102625,27.45226563,22.82276409,4.029163917,0,1.63147458,14.71429859,18.76744877,3.085602059,18.17146465,165.9265152,8.332424235,530.1169533,355.2168563,134.8035878,85.13849822,0,71.57047982,6.512373735,17.92196967,0,72.64292923
"CocoCay, Bahamas","Miami, Florida",2025-08-29T21:30:00+00:00,2025-08-30T08:30:00+00:00,11,134.618,12.23799495,15.92,519.5485891,,519.5485891,496.8637633,1.457212663,0.713279998,134.5077194,263.7265111,-129.2187917,906.970001,2025-08-30T02:05:00+00:00,,34.85044335,37.08105838,47.9193914,30.36854445,0,4.940759824,0,1.43540904,22.16368255,19.06395449,0.039078728,15.7011278,208.0631579,14.20887219,498.8208199,357.7062712,138.0905633,93.93701259,0,73.85741855,2.441629068,6.594962414,75.28383459,0
"CocoCay, Bahamas","Miami, Florida",2025-09-12T21:30:00+00:00,2025-09-13T08:15:00+00:00,10.75,138.737,12.90576925,19.693333,555.2902929,,555.2902929,527.0867333,1.37439467,0.893760001,132.1855833,279.7543222,-147.5687389,961.706666,2025-09-12T23:55:00+00:00,,53.56772543,46.71522887,39.49067993,25.61753962,28.87703924,3.143393941,0,1.470001133,19.05476397,19.14992165,0,15.33823072,83.71723077,11.97841026,543.3222323,341.9682637,127.0163906,109.3546243,67.88179487,0,2.289615385,66.00043593,39.1346923,0
"CocoCay, Bahamas","Miami, Florida",2025-09-19T21:55:00+00:00,2025-09-20T08:30:00+00:00,10.58333333,131.979,12.47046876,16.246667,474.569627,,474.569627,449.7022333,1.960771333,0.714083334,128.2860806,235.0553944,-106.7693139,906.869999,2025-09-20T00:45:00+00:00,,56.86254966,70.88944225,18.7970719,18.37464662,22.4526288,3.748827513,0,1.327708731,13.43453971,17.72426312,2.615372681,10.77213543,95.676875,9.780625,452.0356973,335.517425,126.7151604,81.60237339,0,69.27536458,2.199791664,0,69.95174477,4.46494793
"CocoCay, Bahamas","Miami, Florida",2025-09-26T21:40:00+00:00,2025-09-27T08:40:00+00:00,11,134.207,12.20067673,19.2,568.7180975,,568.7180975,472.5826367,0.747426003,0.915426669,138.4127444,281.3452028,-142.9324583,1016.586666,2025-09-27T02:00:00+00:00,,57.60202349,48.0722388,40.47050396,23.61077855,27.25169788,4.138242521,0,1.406834656,22.06844096,18.21383197,0.299610492,7.935112812,241.7087218,7.863208,552.9706807,341.7243319,135.283561,-19.41718604,68.10769421,4.446466173,0,0,30.71230575,67.70934836
"CocoCay, Bahamas","Miami, Florida",2025-10-03T21:25:00+00:00,2025-10-04T08:20:00+00:00,10.91666667,134.958,12.36252523,16.63,510.703255,,510.703255,176.7643067,1.336468671,0.923016666,133.4107,247.5376639,-114.1269639,935.800001,2025-10-03T23:40:00+00:00,,39.94104147,37.73818848,55.78976777,23.05209874,0,4.655839795,0,1.066783326,16.32654492,19.68249421,1.412143559,7.525883841,144.2015909,16.02436871,487.2557351,330.2104203,131.7674678,85.23153275,1.923636364,0,70.19356062,48.585202,23.49689398,6.753232295
"CocoCay, Bahamas","Miami, Florida",2025-10-10T22:35:00+00:00,2025-10-11T08:10:00+00:00,9.583333333333334,134.24,14.00767244827586,19.4,586.602077839,,586.602077839,309.14676666299994,1.300405995,1.923223334,118.02253888941671,292.0807583335833,-174.05821944416658,1006.250001,2025-10-11T04:05:00+00:00,,64.09115387799999,54.761043155172416,39.9777106715,24.424832417416663,0.0,4.030827290416666,23.828119413083332,1.3717912220833333,22.64107543116667,19.055245430833327,0.918617202,20.963563189655172,218.82603448275862,13.131637931034481,564.832891718,337.115889425,114.68086002766665,89.94673621158333,0.0,3.495229879310345,69.49454027586206,45.430632206896554,63.2787069137931,24.4783333362069
"CocoCay, Bahamas","Miami, Florida",2025-10-10T22:35:00+00:00,2025-10-11T08:10:00+00:00,9.583333333333334,134.24,14.00767244827586,19.4,586.602077839,,586.602077839,309.14676666299994,1.300405995,1.923223334,118.02253888941671,292.0807583335833,-174.05821944416658,1006.250001,2025-10-11T04:05:00+00:00,,64.09115387799999,54.761043155172416,39.9777106715,24.424832417416663,0.0,4.030827290416666,23.828119413083332,1.3717912220833333,22.64107543116667,19.055245430833327,0.918617202,20.963563189655172,218.82603448275862,13.131637931034481,564.832891718,337.115889425,114.68086002766665,89.94673621158333,0.0,3.495229879310345,69.49454027586206,45.430632206896554,63.2787069137931,24.4783333362069
